{
    "best_epoch": 26,
    "train_losses": [
        0.49904919989922636,
        0.44529521566394875,
        0.42789590441630687,
        0.41618733953184156,
        0.40939244280191417,
        0.39990384054839045,
        0.39609435530255577,
        0.3852913965505208,
        0.3823282529310585,
        0.3788525221245098,
        0.3747774218101676,
        0.37018368757118847,
        0.3676485956079116,
        0.36396769676837704,
        0.35984383043270746,
        0.3581167640445029,
        0.35338912018179247,
        0.3526986863924092,
        0.3487715165774001,
        0.3470960750144728,
        0.3456907416194718,
        0.3420124809981767,
        0.3382052497248313,
        0.33753536099231873,
        0.3364035691737401,
        0.33288316714755556,
        0.3309129642946911,
        0.3292614080294906
    ],
    "train_accuracies": [
        72.51737976074219,
        80.05851745605469,
        80.8302230834961,
        80.27052307128906,
        81.79698181152344,
        78.5468978881836,
        83.18563842773438,
        81.91358184814453,
        79.25924682617188,
        84.17359924316406,
        83.51000213623047,
        83.7707748413086,
        84.167236328125,
        83.04358673095703,
        83.41248321533203,
        82.68529510498047,
        83.48880767822266,
        84.34532165527344,
        84.67181396484375,
        84.71209716796875,
        84.91986083984375,
        85.34387969970703,
        83.11991119384766,
        85.64492797851562,
        84.98770904541016,
        85.36508178710938,
        86.13043212890625,
        85.93962097167969
    ],
    "val_losses": [
        0.43959544805847867,
        0.41585594683277366,
        0.39730774021270326,
        0.38878353603032173,
        0.40051450209350004,
        0.3814469878466762,
        0.36783299488680704,
        0.3735419595728115,
        0.37424172418458124,
        0.3579183744532721,
        0.35348124272969306,
        0.35357037642780614,
        0.35949054767890853,
        0.3563946057339104,
        0.36002101337119025,
        0.3497308791900168,
        0.35323660860256273,
        0.3420351699298742,
        0.3456922210600911,
        0.3485274499776412,
        0.3425215361373765,
        0.34182757066220654,
        0.343620620470266,
        0.3391131313175571,
        0.34574529540782073,
        0.3418584753968278,
        0.33847270902930476,
        0.3488484054955901
    ],
    "val_accuracies": [
        80.51020050048828,
        81.9068832397461,
        82.0280532836914,
        83.5905532836914,
        83.2079086303711,
        83.64795684814453,
        83.93494415283203,
        84.11351776123047,
        83.93494415283203,
        84.92984008789062,
        84.63009643554688,
        85.17218780517578,
        85.11479187011719,
        84.64923095703125,
        85.03826141357422,
        84.77677917480469,
        85.30612182617188,
        85.45280456542969,
        85.65050506591797,
        85.39540100097656,
        85.4655532836914,
        85.98851776123047,
        85.6568832397461,
        85.48468780517578,
        85.38265228271484,
        85.4910659790039,
        86.10331726074219,
        85.15943145751953
    ],
    "precision": 0.8545515537261963,
    "recall": 0.8837610483169556,
    "f1_score": 0.8689109086990356
}