{"train_losses": [0.42242830409447246, 0.3834338309988885, 0.3690038517703842, 0.3589526018585246, 0.3488008880702175, 0.34304007178670354, 0.3375343092624983, 0.3327823533313892, 0.32829043380865575, 0.3250985496514445, 0.31847532718281896, 0.3152136088752035, 0.31142027419833834, 0.3090462567110317, 0.30240786413749327, 0.2997483551562884, 0.29806747013548823, 0.28800068126442957, 0.28997932003464755, 0.2879393221747277], "train_accuracies": [83.22804260253906, 82.23371887207031, 84.30715942382812, 84.57005310058594, 82.95878601074219, 86.09014892578125, 86.61592864990234, 85.68097686767578, 86.83641815185547, 87.52544403076172, 86.75373077392578, 85.97354125976562, 87.5530014038086, 87.28799438476562, 86.94454193115234, 88.53036499023438, 88.75720977783203, 87.72685241699219, 88.45404052734375, 88.67876434326172], "val_losses": [0.3780904833455475, 0.3876502460667065, 0.34895721147863235, 0.34899294187827984, 0.37177281702051357, 0.3391683123701689, 0.33611336320030444, 0.3349080626757778, 0.339637633276229, 0.33244943498652807, 0.3400953501006778, 0.3544352453582141, 0.33078527845898453, 0.33170477662767683, 0.3304186610238893, 0.33080609650636206, 0.32538143706565, 0.3383956741465598, 0.3294819290692709, 0.3178709933648304], "val_accuracies": [84.6938705444336, 84.20918273925781, 85.66963958740234, 85.35076141357422, 84.15177917480469, 86.23086547851562, 86.00127410888672, 86.38392639160156, 86.09693908691406, 86.40306091308594, 86.32015228271484, 85.45917510986328, 86.38392639160156, 86.39668273925781, 86.6198959350586, 86.68367004394531, 86.91963958740234, 86.39030456542969, 86.49871826171875, 86.97065734863281], "precision": 0.9006742238998413, "recall": 0.8609736561775208, "f1_score": 0.8803765773773193}