{"train_losses": [0.44167891911782786, 0.313424676736622, 0.27157624733032554, 0.2519557404933602, 0.23893249218649262, 0.23071996240449655, 0.22576589926318252, 0.2207162714196274, 0.21736565296196106, 0.2166811052020689, 0.21245129090851178, 0.21066800183329443, 0.20977735223782926, 0.20675570811407176, 0.20415954191946792, 0.204783119640785, 0.20240994968299253, 0.19945730376818865, 0.19877282232445623, 0.19731943465110124], "train_accuracies": [91.41273498535156, 91.97201538085938, 92.4984130859375, 93.38127136230469, 93.26461791992188, 93.7228775024414, 93.68331146240234, 93.36178588867188, 93.9289779663086, 93.29886627197266, 93.77982330322266, 93.73259735107422, 94.18859100341797, 94.04226684570312, 94.29952239990234, 94.19629669189453, 94.12895202636719, 94.2519302368164, 93.94438934326172, 94.24227905273438], "val_losses": [0.3417430323798482, 0.2725272217417151, 0.2575622540179307, 0.2331694383931354, 0.2325872720741644, 0.21747647892168867, 0.21137184801140452, 0.21896423799235645, 0.20575910225147154, 0.21370058985260443, 0.20087469569066677, 0.2123587066080512, 0.19753269136436585, 0.1919668641516833, 0.19345745783511217, 0.18970258085708308, 0.19632620903534617, 0.19117564277920296, 0.19400966555122437, 0.1895609149118749], "val_accuracies": [92.17611694335938, 93.07286834716797, 92.78491973876953, 93.52185821533203, 93.27168273925781, 93.86295318603516, 93.94918823242188, 93.76268005371094, 94.01142883300781, 93.879638671875, 94.13104248046875, 93.91629791259766, 94.29782104492188, 94.40043640136719, 94.35746765136719, 94.49867248535156, 94.33295440673828, 94.42427062988281, 94.29749298095703, 94.50112915039062]}