{
    "best_epoch": null,
    "train_losses": [
        0.4414400507873249,
        0.31556129751192663,
        0.2722399379388896,
        0.25062318741476247,
        0.23808979668502195,
        0.23100288863476096,
        0.22340482601211795,
        0.22030781565019336,
        0.21683115869680614,
        0.21407158333238904,
        0.2107547375376039,
        0.21042597853146675,
        0.20658870325011797,
        0.2047427430868788,
        0.20254562207904642,
        0.202702981217617,
        0.19889702721830987,
        0.1992174144884217,
        0.19821456913654031,
        0.19805096733026786
    ],
    "train_accuracies": [
        92.49225616455078,
        91.8256607055664,
        92.11288452148438,
        93.38774871826172,
        93.51118469238281,
        93.80636596679688,
        92.56476593017578,
        93.8463363647461,
        93.28685760498047,
        93.79325866699219,
        93.97554016113281,
        93.77103424072266,
        93.95417785644531,
        94.02668762207031,
        94.19717407226562,
        94.41547393798828,
        94.42578887939453,
        94.3423843383789,
        94.2918701171875,
        94.37417602539062
    ],
    "val_losses": [
        0.3502190236638232,
        0.2766327080203266,
        0.2504234229161487,
        0.23109803475984714,
        0.2195458155337388,
        0.2217700309385129,
        0.2139486929750055,
        0.21013431311622868,
        0.21795262117696002,
        0.2024078558130962,
        0.20709934079550146,
        0.2028886150053846,
        0.20270155043136784,
        0.19607335910564516,
        0.19222138858423,
        0.18921913606364552,
        0.19079259546791635,
        0.18857490071436253,
        0.19113004304529205,
        0.18735057503227295
    ],
    "val_accuracies": [
        91.52297973632812,
        92.77543640136719,
        93.22763061523438,
        93.50535583496094,
        93.7617416381836,
        93.55358123779297,
        93.8299560546875,
        94.0123291015625,
        93.40270233154297,
        94.1390609741211,
        94.01107788085938,
        94.11167907714844,
        94.18003845214844,
        94.25675964355469,
        94.33145904541016,
        94.48646545410156,
        94.39479064941406,
        94.51840209960938,
        94.4343490600586,
        94.41537475585938
    ]
}