{
    "best_epoch": 6,
    "train_losses": [
        0.39719384970343097,
        0.35327405085233693,
        0.3338800918214842,
        0.3207288463416748,
        0.3097547405478993,
        0.29867700541965675,
        0.28707200878652334,
        0.2793440231130922,
        0.26939981267250457,
        0.2598779076556176,
        0.24908821231191486,
        0.23567933609944186
    ],
    "train_accuracies": [
        86.23007202148438,
        86.38907623291016,
        87.17350769042969,
        88.4349594116211,
        88.8271713256836,
        89.39323425292969,
        90.55079650878906,
        90.05469512939453,
        91.05961608886719,
        91.93309020996094,
        92.14933776855469,
        92.55215454101562
    ],
    "val_losses": [
        0.3535948983412616,
        0.34865314364433286,
        0.34790958038398195,
        0.32636807629344416,
        0.32336733370107046,
        0.33866329427276337,
        0.32149712843250255,
        0.33406388159005007,
        0.33079281356565804,
        0.33590148880469556,
        0.3364390125992347,
        0.3506935854955595
    ],
    "val_accuracies": [
        86.41581726074219,
        85.29974365234375,
        86.20535278320312,
        87.34056091308594,
        86.55612182617188,
        87.17474365234375,
        87.5318832397461,
        86.50509643554688,
        86.95790100097656,
        87.18112182617188,
        87.08545684814453,
        86.73468780517578
    ],
    "precision": 0.9002297520637512,
    "recall": 0.8567153811454773,
    "f1_score": 0.8779336810112
}