{"train_losses": [0.3981973972156381, 0.35112590454973713, 0.33631310928890956, 0.32279940885636993, 0.30810839929485256, 0.29741643773571286, 0.28918532684971066, 0.27761952512805305, 0.26744589874750885, 0.25714772996041557, 0.24735468786508047, 0.24153725620424893, 0.22669992261544739, 0.2183561293001374, 0.21421919463346414, 0.20198487705870796, 0.19678736953987278, 0.18818584243732844, 0.1798498264692087, 0.17400143554704606], "train_accuracies": [86.44208526611328, 87.03358459472656, 88.03850555419922, 88.30987548828125, 88.95225524902344, 89.54376220703125, 90.19886016845703, 90.54444122314453, 90.67163848876953, 91.36279296875, 91.7041244506836, 92.75992584228516, 92.75992584228516, 93.45742797851562, 93.62067413330078, 93.81572723388672, 94.14221954345703, 94.57259368896484, 94.85668182373047, 95.10684967041016], "val_losses": [0.35381596155312595, 0.3450275833205301, 0.3381633612270258, 0.3334560055969929, 0.32014595695904324, 0.32826485136637884, 0.3269244424238497, 0.32767078301736285, 0.3401652871345987, 0.3549990819577052, 0.3418783964095067, 0.33282178743761415, 0.35798215785500953, 0.3626179535626149, 0.35535179230631614, 0.3945509843148139, 0.38566176816821096, 0.3881777245931479, 0.41892786270805765, 0.4167010755411216], "val_accuracies": [86.6198959350586, 86.85586547851562, 86.78571319580078, 86.52423095703125, 87.1875, 87.29591369628906, 87.48723602294922, 87.47447967529297, 86.76020050048828, 86.51785278320312, 86.69004821777344, 87.37882232666016, 86.51785278320312, 86.60713958740234, 86.5943832397461, 86.54974365234375, 86.198974609375, 86.07142639160156, 85.78443908691406, 85.61224365234375], "precision": 0.8844730854034424, "recall": 0.852917492389679, "f1_score": 0.868408739566803}