{"train_losses": [0.4201087066385607, 0.3859995980993459, 0.37170188706191293, 0.36317657099548967, 0.3557413575445457, 0.3453438355052892, 0.3417313717295551, 0.33417121700063, 0.33252084377036006, 0.3264529701003873, 0.32243302348227804, 0.3161464196198912, 0.3123695642221087, 0.3061989560278494, 0.3039190166578041, 0.30095966966011467, 0.2961844229309983, 0.2920178190060718, 0.28743615755091045, 0.2846772892797414], "train_accuracies": [83.35100555419922, 84.29444122314453, 84.04215240478516, 81.5913314819336, 84.7947769165039, 85.8739013671875, 84.52552795410156, 86.31487274169922, 87.07810974121094, 87.01238250732422, 86.9869384765625, 87.06538391113281, 87.7353286743164, 88.16358184814453, 88.55155944824219, 88.48159790039062, 88.20598602294922, 89.39323425292969, 87.30706787109375, 88.76992797851562], "val_losses": [0.3618909732115512, 0.37152939076934544, 0.36379966048561796, 0.3792268929736955, 0.35148338205656227, 0.3558482306648274, 0.3454207285934565, 0.34543804979445986, 0.33935944545938046, 0.33692640768630167, 0.342072685503838, 0.34108445084824857, 0.34310070387258823, 0.34193185145149424, 0.3386084928500409, 0.34691316832085045, 0.3478258975762494, 0.35241107943714883, 0.35178038391227623, 0.3485480184153635], "val_accuracies": [84.91070556640625, 84.8915786743164, 85.27423095703125, 83.79463958740234, 85.81632232666016, 85.90560913085938, 85.97576141357422, 85.8035659790039, 86.07142639160156, 86.39668273925781, 85.8290786743164, 86.1415786743164, 85.87372589111328, 86.28826141357422, 86.06504821777344, 85.29336547851562, 86.1160659790039, 86.18621826171875, 85.3443832397461, 86.03953552246094], "precision": 0.8863959908485413, "recall": 0.8593624234199524, "f1_score": 0.8726698756217957}