{
    "best_epoch": 5,
    "train_losses": [
        0.4192345672396986,
        0.3863027691234565,
        0.37223032485880714,
        0.36365989341907295,
        0.35531426390969123,
        0.348149515632818,
        0.34064309172625457,
        0.33523312185763343,
        0.33053800414646173,
        0.32633184176064733,
        0.322666643144439,
        0.316555206996251,
        0.3099484327609374,
        0.3114939560378261,
        0.3032637052440174,
        0.30213458902294793
    ],
    "train_accuracies": [
        80.66486358642578,
        82.8252182006836,
        81.9983901977539,
        84.31987762451172,
        85.58132934570312,
        86.27459716796875,
        86.32335662841797,
        85.32904052734375,
        86.15798950195312,
        85.85057830810547,
        87.34947204589844,
        87.89857482910156,
        87.75440979003906,
        87.33251953125,
        86.4229965209961,
        88.44131469726562
    ],
    "val_losses": [
        0.3894402706501435,
        0.36833185626535997,
        0.3581600905681143,
        0.3632104759009517,
        0.35663983213658235,
        0.3361516388095155,
        0.34689364372467507,
        0.3634550743869373,
        0.34493205037956337,
        0.34349674384812917,
        0.34412506684965016,
        0.3379836575717342,
        0.34297318942084604,
        0.33749702165321427,
        0.339327984531315,
        0.3649556143855562
    ],
    "val_accuracies": [
        83.5204086303711,
        84.75127410888672,
        85.42091369628906,
        84.99362182617188,
        85.28060913085938,
        86.37117004394531,
        85.58035278320312,
        84.80867004394531,
        85.59310913085938,
        86.02040100097656,
        86.00765228271484,
        86.10969543457031,
        86.30101776123047,
        86.20535278320312,
        86.03953552246094,
        85.90560913085938
    ],
    "precision": 0.8960087895393372,
    "recall": 0.8448613286018372,
    "f1_score": 0.8696836829185486
}