{
    "best_epoch": 17,
    "train_losses": [
        0.41757340493689077,
        0.38396083281515736,
        0.368100321478889,
        0.35983737055692455,
        0.3513174477656305,
        0.34306991404096826,
        0.3375780763081812,
        0.332646706959124,
        0.32939661425643246,
        0.32235553191426325,
        0.31595365867888103,
        0.31531513992348226,
        0.3081325218940768,
        0.306519468237862,
        0.302466680001331,
        0.29741484797692364,
        0.2908714135080131,
        0.28905791950789933,
        0.2861740403584984
    ],
    "train_accuracies": [
        82.87398529052734,
        84.06546783447266,
        84.38560485839844,
        84.64212799072266,
        86.04986572265625,
        85.46260833740234,
        85.8739013671875,
        86.21947479248047,
        86.33395385742188,
        87.28799438476562,
        85.60676574707031,
        87.251953125,
        86.87881469726562,
        87.38339233398438,
        87.23287200927734,
        86.18342590332031,
        88.29927062988281,
        88.74872589111328,
        89.43775177001953
    ],
    "val_losses": [
        0.3696822714136571,
        0.37321478286568,
        0.3541411974448331,
        0.3521144834708194,
        0.3413020844666325,
        0.3387305761478385,
        0.3497461266967715,
        0.34894085389618973,
        0.3346139299018042,
        0.33545111276361406,
        0.33719188677413126,
        0.3510620608317609,
        0.3423353528337819,
        0.3363856774811842,
        0.3437313763006609,
        0.33845190892414173,
        0.3453111323775077,
        0.33451260851354014,
        0.3539866491696056
    ],
    "val_accuracies": [
        84.7448959350586,
        85.02550506591797,
        85.24871826171875,
        86.18621826171875,
        86.10969543457031,
        86.03315734863281,
        85.87372589111328,
        85.9948959350586,
        86.29463958740234,
        86.21810913085938,
        86.00127410888672,
        85.86096954345703,
        86.19259643554688,
        86.1734619140625,
        85.9693832397461,
        85.76530456542969,
        85.58035278320312,
        85.98851776123047,
        86.24999237060547
    ],
    "precision": 0.8847465515136719,
    "recall": 0.8658073544502258,
    "f1_score": 0.8751745223999023
}