{"train_losses": [0.42040349435935676, 0.38212269952513145, 0.36868681428066913, 0.3589443110606887, 0.3511113803302983, 0.34397740168762336, 0.3360191197507336, 0.3330236768635594, 0.32597654861785985, 0.32137446490645893, 0.31739463234065024, 0.31590591999354645, 0.31168796216596417, 0.30586804401538914, 0.30168325599571094, 0.3001421092019961, 0.2955797526156441, 0.2924384973953343, 0.2829042093087812, 0.2845234851399626], "train_accuracies": [83.15171813964844, 84.20115661621094, 85.3502426147461, 84.97286224365234, 85.60465240478516, 84.2711181640625, 83.45064544677734, 86.78129577636719, 85.81877899169922, 86.53960418701172, 87.63993072509766, 87.42367553710938, 87.47879791259766, 87.0802230834961, 88.14237976074219, 88.23567199707031, 88.19326782226562, 88.73812866210938, 88.62364196777344, 88.62788391113281], "val_losses": [0.3935655037359316, 0.3568850836279441, 0.36520288665683903, 0.3632820520169881, 0.34385915845632553, 0.3415461774079167, 0.35092901322914627, 0.3321796319314412, 0.3466276988691213, 0.3360025892756423, 0.3371062607789526, 0.3347426444596174, 0.3316447873352742, 0.34215827344023453, 0.33516981916464106, 0.3452156939220672, 0.34016069786585107, 0.33827390638845306, 0.339523218815424, 0.33723032608324166], "val_accuracies": [83.75637817382812, 85.22321319580078, 85.02550506591797, 85.29336547851562, 85.84183502197266, 86.1160659790039, 85.81632232666016, 86.511474609375, 85.45280456542969, 85.9693832397461, 86.24361419677734, 86.1415786743164, 86.74744415283203, 85.2869873046875, 85.90560913085938, 85.96300506591797, 86.03315734863281, 86.33927917480469, 85.73341369628906, 86.07780456542969], "precision": 0.8831138014793396, "recall": 0.8643112182617188, "f1_score": 0.873611330986023}