{
    "best_epoch": 14,
    "train_losses": [
        0.4227005386045215,
        0.3779288995581372,
        0.3595215952380218,
        0.34804892004688687,
        0.3406877418426516,
        0.331036057161468,
        0.32658941170334654,
        0.3189106376859356,
        0.31148650910669945,
        0.3074442781912342,
        0.3034611852331595,
        0.29757705437502185,
        0.29315583469545825,
        0.2900061197882187,
        0.2859733838087587,
        0.2828871430538524,
        0.2753769173520634,
        0.27352172749437986,
        0.271822843720866,
        0.2645022422328005,
        0.26256046464901767,
        0.25704918999422033
    ],
    "train_accuracies": [
        84.15663146972656,
        85.20183563232422,
        85.77001953125,
        85.79122161865234,
        86.81097412109375,
        86.97209930419922,
        87.30919647216797,
        88.12754821777344,
        88.2611083984375,
        88.46675872802734,
        88.6172866821289,
        89.07733917236328,
        89.310546875,
        89.32327270507812,
        89.87237548828125,
        89.84268951416016,
        90.12466430664062,
        90.35787200927734,
        90.46175384521484,
        90.52536010742188,
        91.10202026367188,
        90.90909576416016
    ],
    "val_losses": [
        0.3660144143566793,
        0.34864491911566986,
        0.3382130204414835,
        0.3500368391220667,
        0.32706925765592226,
        0.33126984719110997,
        0.3254539075858739,
        0.3180929346200155,
        0.3158133870332825,
        0.3293110321827081,
        0.31962271258234976,
        0.3149152822336372,
        0.3197211224357693,
        0.32227739065277333,
        0.3075147987324364,
        0.3160168770016456,
        0.3181633661139984,
        0.32455955062593733,
        0.31577063259117455,
        0.3180696685855486,
        0.3215486507330622,
        0.33153918035784546
    ],
    "val_accuracies": [
        85.36351776123047,
        85.886474609375,
        86.65178680419922,
        86.01402282714844,
        87.13009643554688,
        87.4170913696289,
        87.20662689208984,
        87.60841369628906,
        87.69770050048828,
        87.03443145751953,
        87.29591369628906,
        87.69132232666016,
        87.41071319580078,
        87.35968780517578,
        87.8188705444336,
        87.54463958740234,
        87.51274871826172,
        87.24488830566406,
        87.24488830566406,
        87.4808578491211,
        87.42984771728516,
        87.14923095703125
    ],
    "precision": 0.8872537612915039,
    "recall": 0.8812291622161865,
    "f1_score": 0.8842312097549438
}