{
  "train_losses": [
    0.4174989606563401, 0.3734170644767734, 0.3593162544567032,
    0.3468785479139117, 0.3366605524261819, 0.3279696774379612,
    0.3244248423245173, 0.317824162573148, 0.3117418878609403,
    0.30965792010140225, 0.3045787360200727, 0.29756849498223903,
    0.2920077811405973, 0.28895952044057394, 0.283795835513475,
    0.28019892137745345, 0.2778260901701741, 0.27420375025054006,
    0.2690865016937903, 0.2662616608388914
  ],
  "train_accuracies": [
    85.06402587890625, 84.30503845214844, 84.81173706054688, 86.34243774414062,
    87.21591186523438, 87.20954895019531, 87.97914123535156, 88.03426361083984,
    88.1466293334961, 87.56784057617188, 88.8250503540039, 88.85897064208984,
    89.12610626220703, 89.18546295166016, 89.37627410888672, 89.59040069580078,
    90.1119384765625, 90.40027618408203, 90.38542938232422, 90.87092590332031
  ],
  "val_losses": [
    0.36078596556065035, 0.36080162935719196, 0.3489715108914035,
    0.33306995593771643, 0.33345182340364066, 0.3462841801497401,
    0.32681360466747866, 0.31673172686477097, 0.3290300839561589,
    0.3413419928477735, 0.3204731454046405, 0.3153187247867487,
    0.3226221817944731, 0.3232856878060467, 0.32120749872862076,
    0.32735694865791165, 0.31869082925271014, 0.32839641996792385,
    0.31302974815575446, 0.32702593006649794
  ],
  "val_accuracies": [
    85.61224365234375, 85.10841369628906, 85.886474609375, 87.0790786743164,
    86.96427917480469, 86.5369873046875, 87.32780456542969, 87.54463958740234,
    86.9323959350586, 85.9438705444336, 87.47447967529297, 87.4808578491211,
    87.59565734863281, 87.34056091308594, 87.20662689208984, 86.44770050048828,
    87.49361419677734, 87.34056091308594, 87.46173095703125, 87.09183502197266
  ],
  "precision": 0.8804286122322083,
  "recall": 0.8889400362968445,
  "f1_score": 0.8846638798713684
}
