{
    "best_epoch": 7,
    "train_losses": [
        0.4255801777846939,
        0.38453506803698584,
        0.3714300637036117,
        0.3613073687034999,
        0.3514584802455058,
        0.34607266953146765,
        0.3387396493863461,
        0.3348385142806912,
        0.3274849037383272,
        0.32121135095788955,
        0.31644575258406077,
        0.3152168781080838,
        0.30848735561303725,
        0.30477289392978074,
        0.30004654096861544
    ],
    "train_accuracies": [
        81.58073425292969,
        83.43580627441406,
        83.65841674804688,
        84.96650695800781,
        85.28875732421875,
        84.5318832397461,
        86.95301818847656,
        86.47811889648438,
        87.11626434326172,
        87.39187622070312,
        86.94242095947266,
        87.01238250732422,
        87.36643981933594,
        85.75729370117188,
        81.50865173339844
    ],
    "val_losses": [
        0.3999559178340192,
        0.36394481564662895,
        0.3501040109870385,
        0.3437892619748505,
        0.3399658409916625,
        0.3406602046927627,
        0.3393579206144323,
        0.3324788128386955,
        0.3389511825782912,
        0.33443781944866086,
        0.33858286154513456,
        0.33319805100256084,
        0.3377419245030199,
        0.33506676688486214,
        0.34966338225165194
    ],
    "val_accuracies": [
        83.83290100097656,
        85.32525634765625,
        85.95662689208984,
        86.29463958740234,
        86.23086547851562,
        86.16708374023438,
        86.5943832397461,
        86.31377410888672,
        86.49234008789062,
        86.32653045654297,
        86.37754821777344,
        86.44770050048828,
        86.21173095703125,
        86.16071319580078,
        85.56121826171875
    ],
    "precision": 0.8877907395362854,
    "recall": 0.84773850440979,
    "f1_score": 0.8673024773597717
}