
{
    "best_epoch": 18,
    "train_losses": [
        0.209591597,
        0.188012689,
        0.178061008,
        0.171819523,
        0.167829946,
        0.16268459,
        0.159255609,
        0.156810135,
        0.15432246,
        0.154079244,
        0.150415227,
        0.14850834,
        0.146871895,
        0.144878194,
        0.143216625,
        0.141899616,
        0.14063105,
        0.138134718,
        0.137211606,
        0.134525195,
        0.133738011,
        0.131539568,
        0.131060123
    ],
    "train_accuracies": [
        93.22944641,
        93.87628937,
        93.70476532,
        94.33283997,
        94.40281677,
        94.58202362,
        94.74927521,
        94.77232361,
        94.5760498,
        94.66821289,
        94.7859726,
        94.75610352,
        94.90373993,
        94.90288544,
        94.97968292,
        95.23313141,
        95.28689575,
        95.33041382,
        95.5138855,
        95.52242279,
        95.5488739,
        95.64103699,
        95.66407776 
    ],
    "val_losses": [
        0.221507207,
        0.201041669,
        0.197886184,
        0.181527227,
        0.180897966,
        0.17826888,
        0.174520999,
        0.175710499,
        0.185157433,
        0.179098636,
        0.176520333,
        0.184897646,
        0.175048321,
        0.177741453,
        0.178016245,
        0.175768852,
        0.176825285,
        0.176632836,
        0.171199918,
        0.179124951,
        0.175661236,
        0.173640132,
        0.179287478
    ],
    "val_accuracies": [
        92.10693359,
        92.36580658,
        93.18998718,
        93.39338684,
        93.36960602,
        93.60207367,
        93.54131317,
        93.58886719,
        93.1397934,
        93.4462204,
        93.21903992,
        93.25337982,
        93.32205963,
        93.66546631,
        93.49640656,
        93.60735321,
        93.45677948,
        93.55715942,
        93.68924713,
        93.68659973,
        93.6918869,
        93.61263275,
        93.43036652
    ],
    "precision": 0.758,
    "recall": 0.607,
    "f1_score": 0.674
}